STRUCTURE,STRUCTURE_ID,STRUCTURE_NAME,ACTION,REF_AREA,Reference area,FREQ,Frequency of observation,MEASURE,Measure,UNIT_MEASURE,Unit of measure,ACTIVITY,Economic activity,TIME_PERIOD,Time period,OBS_VALUE,Observation value,OBS_STATUS,Observation status,OBS_STATUS_2,Observation status 2,UNIT_MULT,Unit multiplier,PRICE_BASE,Price base,BASE_PER,Base period,TIMELINESS,Timeliness,DECIMALS,Decimals
DATAFLOW,OECD.ENV.EPI:DSD_GG@DF_GREEN_GROWTH(1.1),Green Growth,I,IDN,Indonesia,A,Annual,NRGC,Energy consumption,PT_CONS_NRG,Percentage of energy consumption,H,Transportation and storage,2004,,17.98,,A,Normal value,,,0,Units,_Z,Not applicable,,,1,"1 year lag, timely",2,Two
DATAFLOW,OECD.ENV.EPI:DSD_GG@DF_GREEN_GROWTH(1.1),Green Growth,I,IDN,Indonesia,A,Annual,NRGC,Energy consumption,PT_CONS_NRG,Percentage of energy consumption,H,Transportation and storage,2003,,18.21,,A,Normal value,,,0,Units,_Z,Not applicable,,,1,"1 year lag, timely",2,Two
DATAFLOW,OECD.ENV.EPI:DSD_GG@DF_GREEN_GROWTH(1.1),Green Growth,I,IDN,Indonesia,A,Annual,NRGC,Energy consumption,PT_CONS_NRG,Percentage of energy consumption,H,Transportation and storage,1995,,16.63,,A,Normal value,,,0,Units,_Z,Not applicable,,,1,"1 year lag, timely",2,Two
DATAFLOW,OECD.ENV.EPI:DSD_GG@DF_GREEN_GROWTH(1.1),Green Growth,I,IDN,Indonesia,A,Annual,NRGC,Energy consumption,PT_CONS_NRG,Percentage of energy consumption,H,Transportation and storage,2020,,31.75,,A,Normal value,,,0,Units,_Z,Not applicable,,,1,"1 year lag, timely",2,Two
DATAFLOW,OECD.ENV.EPI:DSD_GG@DF_GREEN_GROWTH(1.1),Green Growth,I,IDN,Indonesia,A,Annual,NRGC,Energy consumption,PT_CONS_NRG,Percentage of energy consumption,H,Transportation and storage,2019,,33.3,,A,Normal value,,,0,Units,_Z,Not applicable,,,1,"1 year lag, timely",2,Two
DATAFLOW,OECD.ENV.EPI:DSD_GG@DF_GREEN_GROWTH(1.1),Green Growth,I,IDN,Indonesia,A,Annual,NRGC,Energy consumption,PT_CONS_NRG,Percentage of energy consumption,H,Transportation and storage,2018,,34.15,,A,Normal value,,,0,Units,_Z,Not applicable,,,1,"1 year lag, timely",2,Two
DATAFLOW,OECD.ENV.EPI:DSD_GG@DF_GREEN_GROWTH(1.1),Green Growth,I,IDN,Indonesia,A,Annual,NRGC,Energy consumption,PT_CONS_NRG,Percentage of energy consumption,H,Transportation and storage,2017,,32.2,,A,Normal value,,,0,Units,_Z,Not applicable,,,1,"1 year lag, timely",2,Two
DATAFLOW,OECD.ENV.EPI:DSD_GG@DF_GREEN_GROWTH(1.1),Green Growth,I,IDN,Indonesia,A,Annual,NRGC,Energy consumption,PT_CONS_NRG,Percentage of energy consumption,H,Transportation and storage,2016,,31.73,,A,Normal value,,,0,Units,_Z,Not applicable,,,1,"1 year lag, timely",2,Two
DATAFLOW,OECD.ENV.EPI:DSD_GG@DF_GREEN_GROWTH(1.1),Green Growth,I,IDN,Indonesia,A,Annual,NRGC,Energy consumption,PT_CONS_NRG,Percentage of energy consumption,H,Transportation and storage,2015,,30.12,,A,Normal value,,,0,Units,_Z,Not applicable,,,1,"1 year lag, timely",2,Two
DATAFLOW,OECD.ENV.EPI:DSD_GG@DF_GREEN_GROWTH(1.1),Green Growth,I,IDN,Indonesia,A,Annual,NRGC,Energy consumption,PT_CONS_NRG,Percentage of energy consumption,H,Transportation and storage,2014,,30.71,,A,Normal value,,,0,Units,_Z,Not applicable,,,1,"1 year lag, timely",2,Two
DATAFLOW,OECD.ENV.EPI:DSD_GG@DF_GREEN_GROWTH(1.1),Green Growth,I,IDN,Indonesia,A,Annual,NRGC,Energy consumption,PT_CONS_NRG,Percentage of energy consumption,H,Transportation and storage,2013,,30.7,,A,Normal value,,,0,Units,_Z,Not applicable,,,1,"1 year lag, timely",2,Two
DATAFLOW,OECD.ENV.EPI:DSD_GG@DF_GREEN_GROWTH(1.1),Green Growth,I,IDN,Indonesia,A,Annual,NRGC,Energy consumption,PT_CONS_NRG,Percentage of energy consumption,H,Transportation and storage,2012,,27.1,,A,Normal value,,,0,Units,_Z,Not applicable,,,1,"1 year lag, timely",2,Two
DATAFLOW,OECD.ENV.EPI:DSD_GG@DF_GREEN_GROWTH(1.1),Green Growth,I,IDN,Indonesia,A,Annual,NRGC,Energy consumption,PT_CONS_NRG,Percentage of energy consumption,H,Transportation and storage,2011,,23.37,,A,Normal value,,,0,Units,_Z,Not applicable,,,1,"1 year lag, timely",2,Two
DATAFLOW,OECD.ENV.EPI:DSD_GG@DF_GREEN_GROWTH(1.1),Green Growth,I,IDN,Indonesia,A,Annual,NRGC,Energy consumption,PT_CONS_NRG,Percentage of energy consumption,H,Transportation and storage,2010,,20.32,,A,Normal value,,,0,Units,_Z,Not applicable,,,1,"1 year lag, timely",2,Two
DATAFLOW,OECD.ENV.EPI:DSD_GG@DF_GREEN_GROWTH(1.1),Green Growth,I,IDN,Indonesia,A,Annual,NRGC,Energy consumption,PT_CONS_NRG,Percentage of energy consumption,H,Transportation and storage,2009,,19.78,,A,Normal value,,,0,Units,_Z,Not applicable,,,1,"1 year lag, timely",2,Two
DATAFLOW,OECD.ENV.EPI:DSD_GG@DF_GREEN_GROWTH(1.1),Green Growth,I,IDN,Indonesia,A,Annual,NRGC,Energy consumption,PT_CONS_NRG,Percentage of energy consumption,H,Transportation and storage,2008,,17.96,,A,Normal value,,,0,Units,_Z,Not applicable,,,1,"1 year lag, timely",2,Two
DATAFLOW,OECD.ENV.EPI:DSD_GG@DF_GREEN_GROWTH(1.1),Green Growth,I,IDN,Indonesia,A,Annual,NRGC,Energy consumption,PT_CONS_NRG,Percentage of energy consumption,H,Transportation and storage,2007,,16.49,,A,Normal value,,,0,Units,_Z,Not applicable,,,1,"1 year lag, timely",2,Two
DATAFLOW,OECD.ENV.EPI:DSD_GG@DF_GREEN_GROWTH(1.1),Green Growth,I,IDN,Indonesia,A,Annual,NRGC,Energy consumption,PT_CONS_NRG,Percentage of energy consumption,H,Transportation and storage,2006,,16.2,,A,Normal value,,,0,Units,_Z,Not applicable,,,1,"1 year lag, timely",2,Two
DATAFLOW,OECD.ENV.EPI:DSD_GG@DF_GREEN_GROWTH(1.1),Green Growth,I,IDN,Indonesia,A,Annual,NRGC,Energy consumption,PT_CONS_NRG,Percentage of energy consumption,H,Transportation and storage,2005,,17.7,,A,Normal value,,,0,Units,_Z,Not applicable,,,1,"1 year lag, timely",2,Two
DATAFLOW,OECD.ENV.EPI:DSD_GG@DF_GREEN_GROWTH(1.1),Green Growth,I,IDN,Indonesia,A,Annual,NRGC,Energy consumption,PT_CONS_NRG,Percentage of energy consumption,H,Transportation and storage,2002,,18.44,,A,Normal value,,,0,Units,_Z,Not applicable,,,1,"1 year lag, timely",2,Two
DATAFLOW,OECD.ENV.EPI:DSD_GG@DF_GREEN_GROWTH(1.1),Green Growth,I,IDN,Indonesia,A,Annual,NRGC,Energy consumption,PT_CONS_NRG,Percentage of energy consumption,H,Transportation and storage,2001,,18.03,,A,Normal value,,,0,Units,_Z,Not applicable,,,1,"1 year lag, timely",2,Two
DATAFLOW,OECD.ENV.EPI:DSD_GG@DF_GREEN_GROWTH(1.1),Green Growth,I,IDN,Indonesia,A,Annual,NRGC,Energy consumption,PT_CONS_NRG,Percentage of energy consumption,H,Transportation and storage,2000,,17.35,,A,Normal value,,,0,Units,_Z,Not applicable,,,1,"1 year lag, timely",2,Two
DATAFLOW,OECD.ENV.EPI:DSD_GG@DF_GREEN_GROWTH(1.1),Green Growth,I,IDN,Indonesia,A,Annual,NRGC,Energy consumption,PT_CONS_NRG,Percentage of energy consumption,H,Transportation and storage,1999,,16.99,,A,Normal value,,,0,Units,_Z,Not applicable,,,1,"1 year lag, timely",2,Two
DATAFLOW,OECD.ENV.EPI:DSD_GG@DF_GREEN_GROWTH(1.1),Green Growth,I,IDN,Indonesia,A,Annual,NRGC,Energy consumption,PT_CONS_NRG,Percentage of energy consumption,H,Transportation and storage,1998,,18.53,,A,Normal value,,,0,Units,_Z,Not applicable,,,1,"1 year lag, timely",2,Two
DATAFLOW,OECD.ENV.EPI:DSD_GG@DF_GREEN_GROWTH(1.1),Green Growth,I,IDN,Indonesia,A,Annual,NRGC,Energy consumption,PT_CONS_NRG,Percentage of energy consumption,H,Transportation and storage,1997,,18.56,,A,Normal value,,,0,Units,_Z,Not applicable,,,1,"1 year lag, timely",2,Two
DATAFLOW,OECD.ENV.EPI:DSD_GG@DF_GREEN_GROWTH(1.1),Green Growth,I,IDN,Indonesia,A,Annual,NRGC,Energy consumption,PT_CONS_NRG,Percentage of energy consumption,H,Transportation and storage,1996,,17.35,,A,Normal value,,,0,Units,_Z,Not applicable,,,1,"1 year lag, timely",2,Two
DATAFLOW,OECD.ENV.EPI:DSD_GG@DF_GREEN_GROWTH(1.1),Green Growth,I,IDN,Indonesia,A,Annual,NRGC,Energy consumption,PT_CONS_NRG,Percentage of energy consumption,_O,Other,1998,,53.12,,A,Normal value,,,0,Units,_Z,Not applicable,,,1,"1 year lag, timely",2,Two
DATAFLOW,OECD.ENV.EPI:DSD_GG@DF_GREEN_GROWTH(1.1),Green Growth,I,IDN,Indonesia,A,Annual,NRGC,Energy consumption,PT_CONS_NRG,Percentage of energy consumption,_O,Other,1997,,52.53,,A,Normal value,,,0,Units,_Z,Not applicable,,,1,"1 year lag, timely",2,Two
DATAFLOW,OECD.ENV.EPI:DSD_GG@DF_GREEN_GROWTH(1.1),Green Growth,I,IDN,Indonesia,A,Annual,NRGC,Energy consumption,PT_CONS_NRG,Percentage of energy consumption,_O,Other,2015,,34.13,,A,Normal value,,,0,Units,_Z,Not applicable,,,1,"1 year lag, timely",2,Two
DATAFLOW,OECD.ENV.EPI:DSD_GG@DF_GREEN_GROWTH(1.1),Green Growth,I,IDN,Indonesia,A,Annual,NRGC,Energy consumption,PT_CONS_NRG,Percentage of energy consumption,_O,Other,2014,,35.86,,A,Normal value,,,0,Units,_Z,Not applicable,,,1,"1 year lag, timely",2,Two
DATAFLOW,OECD.ENV.EPI:DSD_GG@DF_GREEN_GROWTH(1.1),Green Growth,I,IDN,Indonesia,A,Annual,NRGC,Energy consumption,PT_CONS_NRG,Percentage of energy consumption,_O,Other,2013,,37.29,,A,Normal value,,,0,Units,_Z,Not applicable,,,1,"1 year lag, timely",2,Two
DATAFLOW,OECD.ENV.EPI:DSD_GG@DF_GREEN_GROWTH(1.1),Green Growth,I,IDN,Indonesia,A,Annual,NRGC,Energy consumption,PT_CONS_NRG,Percentage of energy consumption,_O,Other,2012,,37.16,,A,Normal value,,,0,Units,_Z,Not applicable,,,1,"1 year lag, timely",2,Two
DATAFLOW,OECD.ENV.EPI:DSD_GG@DF_GREEN_GROWTH(1.1),Green Growth,I,IDN,Indonesia,A,Annual,NRGC,Energy consumption,PT_CONS_NRG,Percentage of energy consumption,_O,Other,2011,,38.38,,A,Normal value,,,0,Units,_Z,Not applicable,,,1,"1 year lag, timely",2,Two
DATAFLOW,OECD.ENV.EPI:DSD_GG@DF_GREEN_GROWTH(1.1),Green Growth,I,IDN,Indonesia,A,Annual,NRGC,Energy consumption,PT_CONS_NRG,Percentage of energy consumption,_O,Other,2010,,42.29,,A,Normal value,,,0,Units,_Z,Not applicable,,,1,"1 year lag, timely",2,Two
DATAFLOW,OECD.ENV.EPI:DSD_GG@DF_GREEN_GROWTH(1.1),Green Growth,I,IDN,Indonesia,A,Annual,NRGC,Energy consumption,PT_CONS_NRG,Percentage of energy consumption,_O,Other,2009,,45.08,,A,Normal value,,,0,Units,_Z,Not applicable,,,1,"1 year lag, timely",2,Two
DATAFLOW,OECD.ENV.EPI:DSD_GG@DF_GREEN_GROWTH(1.1),Green Growth,I,IDN,Indonesia,A,Annual,NRGC,Energy consumption,PT_CONS_NRG,Percentage of energy consumption,_O,Other,2008,,48.28,,A,Normal value,,,0,Units,_Z,Not applicable,,,1,"1 year lag, timely",2,Two
DATAFLOW,OECD.ENV.EPI:DSD_GG@DF_GREEN_GROWTH(1.1),Green Growth,I,IDN,Indonesia,A,Annual,NRGC,Energy consumption,PT_CONS_NRG,Percentage of energy consumption,_O,Other,2007,,47.81,,A,Normal value,,,0,Units,_Z,Not applicable,,,1,"1 year lag, timely",2,Two
DATAFLOW,OECD.ENV.EPI:DSD_GG@DF_GREEN_GROWTH(1.1),Green Growth,I,IDN,Indonesia,A,Annual,NRGC,Energy consumption,PT_CONS_NRG,Percentage of energy consumption,_O,Other,2006,,47.1,,A,Normal value,,,0,Units,_Z,Not applicable,,,1,"1 year lag, timely",2,Two
DATAFLOW,OECD.ENV.EPI:DSD_GG@DF_GREEN_GROWTH(1.1),Green Growth,I,IDN,Indonesia,A,Annual,NRGC,Energy consumption,PT_CONS_NRG,Percentage of energy consumption,_O,Other,2005,,50.5,,A,Normal value,,,0,Units,_Z,Not applicable,,,1,"1 year lag, timely",2,Two
DATAFLOW,OECD.ENV.EPI:DSD_GG@DF_GREEN_GROWTH(1.1),Green Growth,I,IDN,Indonesia,A,Annual,NRGC,Energy consumption,PT_CONS_NRG,Percentage of energy consumption,_O,Other,2004,,49.93,,A,Normal value,,,0,Units,_Z,Not applicable,,,1,"1 year lag, timely",2,Two
DATAFLOW,OECD.ENV.EPI:DSD_GG@DF_GREEN_GROWTH(1.1),Green Growth,I,IDN,Indonesia,A,Annual,NRGC,Energy consumption,PT_CONS_NRG,Percentage of energy consumption,_O,Other,2003,,50.82,,A,Normal value,,,0,Units,_Z,Not applicable,,,1,"1 year lag, timely",2,Two
DATAFLOW,OECD.ENV.EPI:DSD_GG@DF_GREEN_GROWTH(1.1),Green Growth,I,IDN,Indonesia,A,Annual,NRGC,Energy consumption,PT_CONS_NRG,Percentage of energy consumption,_O,Other,2002,,52.39,,A,Normal value,,,0,Units,_Z,Not applicable,,,1,"1 year lag, timely",2,Two
DATAFLOW,OECD.ENV.EPI:DSD_GG@DF_GREEN_GROWTH(1.1),Green Growth,I,IDN,Indonesia,A,Annual,NRGC,Energy consumption,PT_CONS_NRG,Percentage of energy consumption,_O,Other,2001,,51.71,,A,Normal value,,,0,Units,_Z,Not applicable,,,1,"1 year lag, timely",2,Two
DATAFLOW,OECD.ENV.EPI:DSD_GG@DF_GREEN_GROWTH(1.1),Green Growth,I,IDN,Indonesia,A,Annual,NRGC,Energy consumption,PT_CONS_NRG,Percentage of energy consumption,_O,Other,2000,,52.85,,A,Normal value,,,0,Units,_Z,Not applicable,,,1,"1 year lag, timely",2,Two
DATAFLOW,OECD.ENV.EPI:DSD_GG@DF_GREEN_GROWTH(1.1),Green Growth,I,IDN,Indonesia,A,Annual,NRGC,Energy consumption,PT_CONS_NRG,Percentage of energy consumption,_O,Other,1999,,51.8,,A,Normal value,,,0,Units,_Z,Not applicable,,,1,"1 year lag, timely",2,Two
DATAFLOW,OECD.ENV.EPI:DSD_GG@DF_GREEN_GROWTH(1.1),Green Growth,I,IDN,Indonesia,A,Annual,NRGC,Energy consumption,PT_CONS_NRG,Percentage of energy consumption,_O,Other,1996,,54.47,,A,Normal value,,,0,Units,_Z,Not applicable,,,1,"1 year lag, timely",2,Two
DATAFLOW,OECD.ENV.EPI:DSD_GG@DF_GREEN_GROWTH(1.1),Green Growth,I,IDN,Indonesia,A,Annual,NRGC,Energy consumption,PT_CONS_NRG,Percentage of energy consumption,_O,Other,1995,,54.29,,A,Normal value,,,0,Units,_Z,Not applicable,,,1,"1 year lag, timely",2,Two
DATAFLOW,OECD.ENV.EPI:DSD_GG@DF_GREEN_GROWTH(1.1),Green Growth,I,IDN,Indonesia,A,Annual,NRGC,Energy consumption,PT_CONS_NRG,Percentage of energy consumption,_O,Other,2020,,26.85,,A,Normal value,,,0,Units,_Z,Not applicable,,,1,"1 year lag, timely",2,Two
DATAFLOW,OECD.ENV.EPI:DSD_GG@DF_GREEN_GROWTH(1.1),Green Growth,I,IDN,Indonesia,A,Annual,NRGC,Energy consumption,PT_CONS_NRG,Percentage of energy consumption,_O,Other,2019,,26.17,,A,Normal value,,,0,Units,_Z,Not applicable,,,1,"1 year lag, timely",2,Two
DATAFLOW,OECD.ENV.EPI:DSD_GG@DF_GREEN_GROWTH(1.1),Green Growth,I,IDN,Indonesia,A,Annual,NRGC,Energy consumption,PT_CONS_NRG,Percentage of energy consumption,_O,Other,2018,,29.02,,A,Normal value,,,0,Units,_Z,Not applicable,,,1,"1 year lag, timely",2,Two
DATAFLOW,OECD.ENV.EPI:DSD_GG@DF_GREEN_GROWTH(1.1),Green Growth,I,IDN,Indonesia,A,Annual,NRGC,Energy consumption,PT_CONS_NRG,Percentage of energy consumption,_O,Other,2017,,32.37,,A,Normal value,,,0,Units,_Z,Not applicable,,,1,"1 year lag, timely",2,Two
DATAFLOW,OECD.ENV.EPI:DSD_GG@DF_GREEN_GROWTH(1.1),Green Growth,I,IDN,Indonesia,A,Annual,NRGC,Energy consumption,PT_CONS_NRG,Percentage of energy consumption,_O,Other,2016,,34.9,,A,Normal value,,,0,Units,_Z,Not applicable,,,1,"1 year lag, timely",2,Two
DATAFLOW,OECD.ENV.EPI:DSD_GG@DF_GREEN_GROWTH(1.1),Green Growth,I,IDN,Indonesia,A,Annual,GDP_RCAP,Real GDP per capita,USD_PPP_PS,"US dollars per person, PPP converted",_T,Total - all activities,2005,,6749.22,,E,Estimated value,,,0,Units,Q,Constant prices,2015,,1,"1 year lag, timely",2,Two
DATAFLOW,OECD.ENV.EPI:DSD_GG@DF_GREEN_GROWTH(1.1),Green Growth,I,IDN,Indonesia,A,Annual,GDP_RCAP,Real GDP per capita,USD_PPP_PS,"US dollars per person, PPP converted",_T,Total - all activities,2004,,6471.61,,E,Estimated value,,,0,Units,Q,Constant prices,2015,,1,"1 year lag, timely",2,Two
DATAFLOW,OECD.ENV.EPI:DSD_GG@DF_GREEN_GROWTH(1.1),Green Growth,I,IDN,Indonesia,A,Annual,GDP_RCAP,Real GDP per capita,USD_PPP_PS,"US dollars per person, PPP converted",_T,Total - all activities,1996,,6305.09,,E,Estimated value,,,0,Units,Q,Constant prices,2015,,1,"1 year lag, timely",2,Two
DATAFLOW,OECD.ENV.EPI:DSD_GG@DF_GREEN_GROWTH(1.1),Green Growth,I,IDN,Indonesia,A,Annual,GDP_RCAP,Real GDP per capita,USD_PPP_PS,"US dollars per person, PPP converted",_T,Total - all activities,1995,,5936.01,,E,Estimated value,,,0,Units,Q,Constant prices,2015,,1,"1 year lag, timely",2,Two
DATAFLOW,OECD.ENV.EPI:DSD_GG@DF_GREEN_GROWTH(1.1),Green Growth,I,IDN,Indonesia,A,Annual,GDP_RCAP,Real GDP per capita,USD_PPP_PS,"US dollars per person, PPP converted",_T,Total - all activities,2020,,11723.71,,E,Estimated value,,,0,Units,Q,Constant prices,2015,,1,"1 year lag, timely",2,Two
DATAFLOW,OECD.ENV.EPI:DSD_GG@DF_GREEN_GROWTH(1.1),Green Growth,I,IDN,Indonesia,A,Annual,GDP_RCAP,Real GDP per capita,USD_PPP_PS,"US dollars per person, PPP converted",_T,Total - all activities,2019,,12091.62,,E,Estimated value,,,0,Units,Q,Constant prices,2015,,1,"1 year lag, timely",2,Two
DATAFLOW,OECD.ENV.EPI:DSD_GG@DF_GREEN_GROWTH(1.1),Green Growth,I,IDN,Indonesia,A,Annual,GDP_RCAP,Real GDP per capita,USD_PPP_PS,"US dollars per person, PPP converted",_T,Total - all activities,2018,,11633.59,,E,Estimated value,,,0,Units,Q,Constant prices,2015,,1,"1 year lag, timely",2,Two
DATAFLOW,OECD.ENV.EPI:DSD_GG@DF_GREEN_GROWTH(1.1),Green Growth,I,IDN,Indonesia,A,Annual,GDP_RCAP,Real GDP per capita,USD_PPP_PS,"US dollars per person, PPP converted",_T,Total - all activities,2017,,11180.01,,E,Estimated value,,,0,Units,Q,Constant prices,2015,,1,"1 year lag, timely",2,Two
DATAFLOW,OECD.ENV.EPI:DSD_GG@DF_GREEN_GROWTH(1.1),Green Growth,I,IDN,Indonesia,A,Annual,GDP_RCAP,Real GDP per capita,USD_PPP_PS,"US dollars per person, PPP converted",_T,Total - all activities,2016,,10758.24,,E,Estimated value,,,0,Units,Q,Constant prices,2015,,1,"1 year lag, timely",2,Two
DATAFLOW,OECD.ENV.EPI:DSD_GG@DF_GREEN_GROWTH(1.1),Green Growth,I,IDN,Indonesia,A,Annual,GDP_RCAP,Real GDP per capita,USD_PPP_PS,"US dollars per person, PPP converted",_T,Total - all activities,2015,,10359.28,,E,Estimated value,,,0,Units,Q,Constant prices,2015,,1,"1 year lag, timely",2,Two
DATAFLOW,OECD.ENV.EPI:DSD_GG@DF_GREEN_GROWTH(1.1),Green Growth,I,IDN,Indonesia,A,Annual,GDP_RCAP,Real GDP per capita,USD_PPP_PS,"US dollars per person, PPP converted",_T,Total - all activities,2014,,9895.42,,E,Estimated value,,,0,Units,Q,Constant prices,2015,,1,"1 year lag, timely",2,Two
DATAFLOW,OECD.ENV.EPI:DSD_GG@DF_GREEN_GROWTH(1.1),Green Growth,I,IDN,Indonesia,A,Annual,GDP_RCAP,Real GDP per capita,USD_PPP_PS,"US dollars per person, PPP converted",_T,Total - all activities,2013,,9547.96,,E,Estimated value,,,0,Units,Q,Constant prices,2015,,1,"1 year lag, timely",2,Two
DATAFLOW,OECD.ENV.EPI:DSD_GG@DF_GREEN_GROWTH(1.1),Green Growth,I,IDN,Indonesia,A,Annual,GDP_RCAP,Real GDP per capita,USD_PPP_PS,"US dollars per person, PPP converted",_T,Total - all activities,2012,,9167.38,,E,Estimated value,,,0,Units,Q,Constant prices,2015,,1,"1 year lag, timely",2,Two
DATAFLOW,OECD.ENV.EPI:DSD_GG@DF_GREEN_GROWTH(1.1),Green Growth,I,IDN,Indonesia,A,Annual,GDP_RCAP,Real GDP per capita,USD_PPP_PS,"US dollars per person, PPP converted",_T,Total - all activities,2011,,8763.69,,E,Estimated value,,,0,Units,Q,Constant prices,2015,,1,"1 year lag, timely",2,Two
DATAFLOW,OECD.ENV.EPI:DSD_GG@DF_GREEN_GROWTH(1.1),Green Growth,I,IDN,Indonesia,A,Annual,GDP_RCAP,Real GDP per capita,USD_PPP_PS,"US dollars per person, PPP converted",_T,Total - all activities,2010,,8366.42,,E,Estimated value,,,0,Units,Q,Constant prices,2015,,1,"1 year lag, timely",2,Two
DATAFLOW,OECD.ENV.EPI:DSD_GG@DF_GREEN_GROWTH(1.1),Green Growth,I,IDN,Indonesia,A,Annual,GDP_RCAP,Real GDP per capita,USD_PPP_PS,"US dollars per person, PPP converted",_T,Total - all activities,2009,,7970.75,,E,Estimated value,,,0,Units,Q,Constant prices,2015,,1,"1 year lag, timely",2,Two
DATAFLOW,OECD.ENV.EPI:DSD_GG@DF_GREEN_GROWTH(1.1),Green Growth,I,IDN,Indonesia,A,Annual,GDP_RCAP,Real GDP per capita,USD_PPP_PS,"US dollars per person, PPP converted",_T,Total - all activities,2008,,7714.68,,E,Estimated value,,,0,Units,Q,Constant prices,2015,,1,"1 year lag, timely",2,Two
DATAFLOW,OECD.ENV.EPI:DSD_GG@DF_GREEN_GROWTH(1.1),Green Growth,I,IDN,Indonesia,A,Annual,GDP_RCAP,Real GDP per capita,USD_PPP_PS,"US dollars per person, PPP converted",_T,Total - all activities,2007,,7374,,E,Estimated value,,,0,Units,Q,Constant prices,2015,,1,"1 year lag, timely",2,Two
DATAFLOW,OECD.ENV.EPI:DSD_GG@DF_GREEN_GROWTH(1.1),Green Growth,I,IDN,Indonesia,A,Annual,GDP_RCAP,Real GDP per capita,USD_PPP_PS,"US dollars per person, PPP converted",_T,Total - all activities,2006,,7026.44,,E,Estimated value,,,0,Units,Q,Constant prices,2015,,1,"1 year lag, timely",2,Two
DATAFLOW,OECD.ENV.EPI:DSD_GG@DF_GREEN_GROWTH(1.1),Green Growth,I,IDN,Indonesia,A,Annual,GDP_RCAP,Real GDP per capita,USD_PPP_PS,"US dollars per person, PPP converted",_T,Total - all activities,2003,,6244.87,,E,Estimated value,,,0,Units,Q,Constant prices,2015,,1,"1 year lag, timely",2,Two
DATAFLOW,OECD.ENV.EPI:DSD_GG@DF_GREEN_GROWTH(1.1),Green Growth,I,IDN,Indonesia,A,Annual,GDP_RCAP,Real GDP per capita,USD_PPP_PS,"US dollars per person, PPP converted",_T,Total - all activities,2002,,6040.89,,E,Estimated value,,,0,Units,Q,Constant prices,2015,,1,"1 year lag, timely",2,Two
DATAFLOW,OECD.ENV.EPI:DSD_GG@DF_GREEN_GROWTH(1.1),Green Growth,I,IDN,Indonesia,A,Annual,GDP_RCAP,Real GDP per capita,USD_PPP_PS,"US dollars per person, PPP converted",_T,Total - all activities,2001,,5859.79,,E,Estimated value,,,0,Units,Q,Constant prices,2015,,1,"1 year lag, timely",2,Two
DATAFLOW,OECD.ENV.EPI:DSD_GG@DF_GREEN_GROWTH(1.1),Green Growth,I,IDN,Indonesia,A,Annual,GDP_RCAP,Real GDP per capita,USD_PPP_PS,"US dollars per person, PPP converted",_T,Total - all activities,2000,,5731.67,,E,Estimated value,,,0,Units,Q,Constant prices,2015,,1,"1 year lag, timely",2,Two
DATAFLOW,OECD.ENV.EPI:DSD_GG@DF_GREEN_GROWTH(1.1),Green Growth,I,IDN,Indonesia,A,Annual,GDP_RCAP,Real GDP per capita,USD_PPP_PS,"US dollars per person, PPP converted",_T,Total - all activities,1999,,5538.8,,E,Estimated value,,,0,Units,Q,Constant prices,2015,,1,"1 year lag, timely",2,Two
DATAFLOW,OECD.ENV.EPI:DSD_GG@DF_GREEN_GROWTH(1.1),Green Growth,I,IDN,Indonesia,A,Annual,GDP_RCAP,Real GDP per capita,USD_PPP_PS,"US dollars per person, PPP converted",_T,Total - all activities,1998,,5572.54,,E,Estimated value,,,0,Units,Q,Constant prices,2015,,1,"1 year lag, timely",2,Two
DATAFLOW,OECD.ENV.EPI:DSD_GG@DF_GREEN_GROWTH(1.1),Green Growth,I,IDN,Indonesia,A,Annual,GDP_RCAP,Real GDP per capita,USD_PPP_PS,"US dollars per person, PPP converted",_T,Total - all activities,1997,,6506.22,,E,Estimated value,,,0,Units,Q,Constant prices,2015,,1,"1 year lag, timely",2,Two
DATAFLOW,OECD.ENV.EPI:DSD_GG@DF_GREEN_GROWTH(1.1),Green Growth,I,IDN,Indonesia,A,Annual,NRGC,Energy consumption,PT_CONS_NRG,Percentage of energy consumption,BTE,Industry (except construction),2015,,30.56,,A,Normal value,,,0,Units,_Z,Not applicable,,,1,"1 year lag, timely",2,Two
DATAFLOW,OECD.ENV.EPI:DSD_GG@DF_GREEN_GROWTH(1.1),Green Growth,I,IDN,Indonesia,A,Annual,NRGC,Energy consumption,PT_CONS_NRG,Percentage of energy consumption,BTE,Industry (except construction),2014,,27.74,,A,Normal value,,,0,Units,_Z,Not applicable,,,1,"1 year lag, timely",2,Two
DATAFLOW,OECD.ENV.EPI:DSD_GG@DF_GREEN_GROWTH(1.1),Green Growth,I,IDN,Indonesia,A,Annual,NRGC,Energy consumption,PT_CONS_NRG,Percentage of energy consumption,BTE,Industry (except construction),2006,,32.11,,A,Normal value,,,0,Units,_Z,Not applicable,,,1,"1 year lag, timely",2,Two
DATAFLOW,OECD.ENV.EPI:DSD_GG@DF_GREEN_GROWTH(1.1),Green Growth,I,IDN,Indonesia,A,Annual,NRGC,Energy consumption,PT_CONS_NRG,Percentage of energy consumption,BTE,Industry (except construction),2005,,26.75,,A,Normal value,,,0,Units,_Z,Not applicable,,,1,"1 year lag, timely",2,Two
DATAFLOW,OECD.ENV.EPI:DSD_GG@DF_GREEN_GROWTH(1.1),Green Growth,I,IDN,Indonesia,A,Annual,NRGC,Energy consumption,PT_CONS_NRG,Percentage of energy consumption,BTE,Industry (except construction),2004,,26.94,,A,Normal value,,,0,Units,_Z,Not applicable,,,1,"1 year lag, timely",2,Two
DATAFLOW,OECD.ENV.EPI:DSD_GG@DF_GREEN_GROWTH(1.1),Green Growth,I,IDN,Indonesia,A,Annual,NRGC,Energy consumption,PT_CONS_NRG,Percentage of energy consumption,BTE,Industry (except construction),2003,,26.25,,A,Normal value,,,0,Units,_Z,Not applicable,,,1,"1 year lag, timely",2,Two
DATAFLOW,OECD.ENV.EPI:DSD_GG@DF_GREEN_GROWTH(1.1),Green Growth,I,IDN,Indonesia,A,Annual,NRGC,Energy consumption,PT_CONS_NRG,Percentage of energy consumption,BTE,Industry (except construction),2002,,24.27,,A,Normal value,,,0,Units,_Z,Not applicable,,,1,"1 year lag, timely",2,Two
DATAFLOW,OECD.ENV.EPI:DSD_GG@DF_GREEN_GROWTH(1.1),Green Growth,I,IDN,Indonesia,A,Annual,NRGC,Energy consumption,PT_CONS_NRG,Percentage of energy consumption,BTE,Industry (except construction),2001,,25.38,,A,Normal value,,,0,Units,_Z,Not applicable,,,1,"1 year lag, timely",2,Two
DATAFLOW,OECD.ENV.EPI:DSD_GG@DF_GREEN_GROWTH(1.1),Green Growth,I,IDN,Indonesia,A,Annual,NRGC,Energy consumption,PT_CONS_NRG,Percentage of energy consumption,BTE,Industry (except construction),2000,,25,,A,Normal value,,,0,Units,_Z,Not applicable,,,1,"1 year lag, timely",2,Two
DATAFLOW,OECD.ENV.EPI:DSD_GG@DF_GREEN_GROWTH(1.1),Green Growth,I,IDN,Indonesia,A,Annual,NRGC,Energy consumption,PT_CONS_NRG,Percentage of energy consumption,BTE,Industry (except construction),1999,,26.92,,A,Normal value,,,0,Units,_Z,Not applicable,,,1,"1 year lag, timely",2,Two
DATAFLOW,OECD.ENV.EPI:DSD_GG@DF_GREEN_GROWTH(1.1),Green Growth,I,IDN,Indonesia,A,Annual,NRGC,Energy consumption,PT_CONS_NRG,Percentage of energy consumption,BTE,Industry (except construction),1998,,24.56,,A,Normal value,,,0,Units,_Z,Not applicable,,,1,"1 year lag, timely",2,Two
DATAFLOW,OECD.ENV.EPI:DSD_GG@DF_GREEN_GROWTH(1.1),Green Growth,I,IDN,Indonesia,A,Annual,NRGC,Energy consumption,PT_CONS_NRG,Percentage of energy consumption,BTE,Industry (except construction),1997,,25.44,,A,Normal value,,,0,Units,_Z,Not applicable,,,1,"1 year lag, timely",2,Two
DATAFLOW,OECD.ENV.EPI:DSD_GG@DF_GREEN_GROWTH(1.1),Green Growth,I,IDN,Indonesia,A,Annual,NRGC,Energy consumption,PT_CONS_NRG,Percentage of energy consumption,BTE,Industry (except construction),1996,,24.67,,A,Normal value,,,0,Units,_Z,Not applicable,,,1,"1 year lag, timely",2,Two
DATAFLOW,OECD.ENV.EPI:DSD_GG@DF_GREEN_GROWTH(1.1),Green Growth,I,IDN,Indonesia,A,Annual,NRGC,Energy consumption,PT_CONS_NRG,Percentage of energy consumption,BTE,Industry (except construction),1995,,25.77,,A,Normal value,,,0,Units,_Z,Not applicable,,,1,"1 year lag, timely",2,Two
DATAFLOW,OECD.ENV.EPI:DSD_GG@DF_GREEN_GROWTH(1.1),Green Growth,I,IDN,Indonesia,A,Annual,NRGC,Energy consumption,PT_CONS_NRG,Percentage of energy consumption,BTE,Industry (except construction),2020,,36.78,,A,Normal value,,,0,Units,_Z,Not applicable,,,1,"1 year lag, timely",2,Two
DATAFLOW,OECD.ENV.EPI:DSD_GG@DF_GREEN_GROWTH(1.1),Green Growth,I,IDN,Indonesia,A,Annual,NRGC,Energy consumption,PT_CONS_NRG,Percentage of energy consumption,BTE,Industry (except construction),2019,,35.9,,A,Normal value,,,0,Units,_Z,Not applicable,,,1,"1 year lag, timely",2,Two
DATAFLOW,OECD.ENV.EPI:DSD_GG@DF_GREEN_GROWTH(1.1),Green Growth,I,IDN,Indonesia,A,Annual,NRGC,Energy consumption,PT_CONS_NRG,Percentage of energy consumption,BTE,Industry (except construction),2018,,31.84,,A,Normal value,,,0,Units,_Z,Not applicable,,,1,"1 year lag, timely",2,Two
DATAFLOW,OECD.ENV.EPI:DSD_GG@DF_GREEN_GROWTH(1.1),Green Growth,I,IDN,Indonesia,A,Annual,NRGC,Energy consumption,PT_CONS_NRG,Percentage of energy consumption,BTE,Industry (except construction),2017,,30.06,,A,Normal value,,,0,Units,_Z,Not applicable,,,1,"1 year lag, timely",2,Two
DATAFLOW,OECD.ENV.EPI:DSD_GG@DF_GREEN_GROWTH(1.1),Green Growth,I,IDN,Indonesia,A,Annual,NRGC,Energy consumption,PT_CONS_NRG,Percentage of energy consumption,BTE,Industry (except construction),2016,,27.82,,A,Normal value,,,0,Units,_Z,Not applicable,,,1,"1 year lag, timely",2,Two
DATAFLOW,OECD.ENV.EPI:DSD_GG@DF_GREEN_GROWTH(1.1),Green Growth,I,IDN,Indonesia,A,Annual,NRGC,Energy consumption,PT_CONS_NRG,Percentage of energy consumption,BTE,Industry (except construction),2013,,26.13,,A,Normal value,,,0,Units,_Z,Not applicable,,,1,"1 year lag, timely",2,Two
DATAFLOW,OECD.ENV.EPI:DSD_GG@DF_GREEN_GROWTH(1.1),Green Growth,I,IDN,Indonesia,A,Annual,NRGC,Energy consumption,PT_CONS_NRG,Percentage of energy consumption,BTE,Industry (except construction),2012,,30.32,,A,Normal value,,,0,Units,_Z,Not applicable,,,1,"1 year lag, timely",2,Two
DATAFLOW,OECD.ENV.EPI:DSD_GG@DF_GREEN_GROWTH(1.1),Green Growth,I,IDN,Indonesia,A,Annual,NRGC,Energy consumption,PT_CONS_NRG,Percentage of energy consumption,BTE,Industry (except construction),2011,,33.57,,A,Normal value,,,0,Units,_Z,Not applicable,,,1,"1 year lag, timely",2,Two
DATAFLOW,OECD.ENV.EPI:DSD_GG@DF_GREEN_GROWTH(1.1),Green Growth,I,IDN,Indonesia,A,Annual,NRGC,Energy consumption,PT_CONS_NRG,Percentage of energy consumption,BTE,Industry (except construction),2010,,33.08,,A,Normal value,,,0,Units,_Z,Not applicable,,,1,"1 year lag, timely",2,Two
DATAFLOW,OECD.ENV.EPI:DSD_GG@DF_GREEN_GROWTH(1.1),Green Growth,I,IDN,Indonesia,A,Annual,NRGC,Energy consumption,PT_CONS_NRG,Percentage of energy consumption,BTE,Industry (except construction),2009,,30.43,,A,Normal value,,,0,Units,_Z,Not applicable,,,1,"1 year lag, timely",2,Two
DATAFLOW,OECD.ENV.EPI:DSD_GG@DF_GREEN_GROWTH(1.1),Green Growth,I,IDN,Indonesia,A,Annual,NRGC,Energy consumption,PT_CONS_NRG,Percentage of energy consumption,BTE,Industry (except construction),2008,,29.16,,A,Normal value,,,0,Units,_Z,Not applicable,,,1,"1 year lag, timely",2,Two
DATAFLOW,OECD.ENV.EPI:DSD_GG@DF_GREEN_GROWTH(1.1),Green Growth,I,IDN,Indonesia,A,Annual,NRGC,Energy consumption,PT_CONS_NRG,Percentage of energy consumption,BTE,Industry (except construction),2007,,31.32,,A,Normal value,,,0,Units,_Z,Not applicable,,,1,"1 year lag, timely",2,Two
DATAFLOW,OECD.ENV.EPI:DSD_GG@DF_GREEN_GROWTH(1.1),Green Growth,I,IDN,Indonesia,A,Annual,NRGC,Energy consumption,PT_CONS_NRG,Percentage of energy consumption,A,"Agriculture, forestry and fishing",1996,,1.59,,A,Normal value,,,0,Units,_Z,Not applicable,,,1,"1 year lag, timely",2,Two
DATAFLOW,OECD.ENV.EPI:DSD_GG@DF_GREEN_GROWTH(1.1),Green Growth,I,IDN,Indonesia,A,Annual,NRGC,Energy consumption,PT_CONS_NRG,Percentage of energy consumption,A,"Agriculture, forestry and fishing",1995,,1.58,,A,Normal value,,,0,Units,_Z,Not applicable,,,1,"1 year lag, timely",2,Two
DATAFLOW,OECD.ENV.EPI:DSD_GG@DF_GREEN_GROWTH(1.1),Green Growth,I,IDN,Indonesia,A,Annual,NRGC,Energy consumption,PT_CONS_NRG,Percentage of energy consumption,A,"Agriculture, forestry and fishing",2013,,2.26,,A,Normal value,,,0,Units,_Z,Not applicable,,,1,"1 year lag, timely",2,Two
DATAFLOW,OECD.ENV.EPI:DSD_GG@DF_GREEN_GROWTH(1.1),Green Growth,I,IDN,Indonesia,A,Annual,NRGC,Energy consumption,PT_CONS_NRG,Percentage of energy consumption,A,"Agriculture, forestry and fishing",2012,,2.22,,A,Normal value,,,0,Units,_Z,Not applicable,,,1,"1 year lag, timely",2,Two
DATAFLOW,OECD.ENV.EPI:DSD_GG@DF_GREEN_GROWTH(1.1),Green Growth,I,IDN,Indonesia,A,Annual,NRGC,Energy consumption,PT_CONS_NRG,Percentage of energy consumption,A,"Agriculture, forestry and fishing",2011,,1.75,,A,Normal value,,,0,Units,_Z,Not applicable,,,1,"1 year lag, timely",2,Two
DATAFLOW,OECD.ENV.EPI:DSD_GG@DF_GREEN_GROWTH(1.1),Green Growth,I,IDN,Indonesia,A,Annual,NRGC,Energy consumption,PT_CONS_NRG,Percentage of energy consumption,A,"Agriculture, forestry and fishing",2010,,1.43,,A,Normal value,,,0,Units,_Z,Not applicable,,,1,"1 year lag, timely",2,Two
DATAFLOW,OECD.ENV.EPI:DSD_GG@DF_GREEN_GROWTH(1.1),Green Growth,I,IDN,Indonesia,A,Annual,NRGC,Energy consumption,PT_CONS_NRG,Percentage of energy consumption,A,"Agriculture, forestry and fishing",2009,,1.73,,A,Normal value,,,0,Units,_Z,Not applicable,,,1,"1 year lag, timely",2,Two
DATAFLOW,OECD.ENV.EPI:DSD_GG@DF_GREEN_GROWTH(1.1),Green Growth,I,IDN,Indonesia,A,Annual,NRGC,Energy consumption,PT_CONS_NRG,Percentage of energy consumption,A,"Agriculture, forestry and fishing",2008,,1.69,,A,Normal value,,,0,Units,_Z,Not applicable,,,1,"1 year lag, timely",2,Two
DATAFLOW,OECD.ENV.EPI:DSD_GG@DF_GREEN_GROWTH(1.1),Green Growth,I,IDN,Indonesia,A,Annual,NRGC,Energy consumption,PT_CONS_NRG,Percentage of energy consumption,A,"Agriculture, forestry and fishing",2007,,1.63,,A,Normal value,,,0,Units,_Z,Not applicable,,,1,"1 year lag, timely",2,Two
DATAFLOW,OECD.ENV.EPI:DSD_GG@DF_GREEN_GROWTH(1.1),Green Growth,I,IDN,Indonesia,A,Annual,NRGC,Energy consumption,PT_CONS_NRG,Percentage of energy consumption,A,"Agriculture, forestry and fishing",2006,,1.92,,A,Normal value,,,0,Units,_Z,Not applicable,,,1,"1 year lag, timely",2,Two
DATAFLOW,OECD.ENV.EPI:DSD_GG@DF_GREEN_GROWTH(1.1),Green Growth,I,IDN,Indonesia,A,Annual,NRGC,Energy consumption,PT_CONS_NRG,Percentage of energy consumption,A,"Agriculture, forestry and fishing",2005,,2.28,,A,Normal value,,,0,Units,_Z,Not applicable,,,1,"1 year lag, timely",2,Two
DATAFLOW,OECD.ENV.EPI:DSD_GG@DF_GREEN_GROWTH(1.1),Green Growth,I,IDN,Indonesia,A,Annual,NRGC,Energy consumption,PT_CONS_NRG,Percentage of energy consumption,A,"Agriculture, forestry and fishing",2004,,2.46,,A,Normal value,,,0,Units,_Z,Not applicable,,,1,"1 year lag, timely",2,Two
DATAFLOW,OECD.ENV.EPI:DSD_GG@DF_GREEN_GROWTH(1.1),Green Growth,I,IDN,Indonesia,A,Annual,NRGC,Energy consumption,PT_CONS_NRG,Percentage of energy consumption,A,"Agriculture, forestry and fishing",2003,,2.26,,A,Normal value,,,0,Units,_Z,Not applicable,,,1,"1 year lag, timely",2,Two
DATAFLOW,OECD.ENV.EPI:DSD_GG@DF_GREEN_GROWTH(1.1),Green Growth,I,IDN,Indonesia,A,Annual,NRGC,Energy consumption,PT_CONS_NRG,Percentage of energy consumption,A,"Agriculture, forestry and fishing",2002,,2.43,,A,Normal value,,,0,Units,_Z,Not applicable,,,1,"1 year lag, timely",2,Two
DATAFLOW,OECD.ENV.EPI:DSD_GG@DF_GREEN_GROWTH(1.1),Green Growth,I,IDN,Indonesia,A,Annual,NRGC,Energy consumption,PT_CONS_NRG,Percentage of energy consumption,A,"Agriculture, forestry and fishing",2001,,2.46,,A,Normal value,,,0,Units,_Z,Not applicable,,,1,"1 year lag, timely",2,Two
DATAFLOW,OECD.ENV.EPI:DSD_GG@DF_GREEN_GROWTH(1.1),Green Growth,I,IDN,Indonesia,A,Annual,NRGC,Energy consumption,PT_CONS_NRG,Percentage of energy consumption,A,"Agriculture, forestry and fishing",2000,,2.4,,A,Normal value,,,0,Units,_Z,Not applicable,,,1,"1 year lag, timely",2,Two
DATAFLOW,OECD.ENV.EPI:DSD_GG@DF_GREEN_GROWTH(1.1),Green Growth,I,IDN,Indonesia,A,Annual,NRGC,Energy consumption,PT_CONS_NRG,Percentage of energy consumption,A,"Agriculture, forestry and fishing",1999,,2.18,,A,Normal value,,,0,Units,_Z,Not applicable,,,1,"1 year lag, timely",2,Two
DATAFLOW,OECD.ENV.EPI:DSD_GG@DF_GREEN_GROWTH(1.1),Green Growth,I,IDN,Indonesia,A,Annual,NRGC,Energy consumption,PT_CONS_NRG,Percentage of energy consumption,A,"Agriculture, forestry and fishing",1998,,1.67,,A,Normal value,,,0,Units,_Z,Not applicable,,,1,"1 year lag, timely",2,Two
DATAFLOW,OECD.ENV.EPI:DSD_GG@DF_GREEN_GROWTH(1.1),Green Growth,I,IDN,Indonesia,A,Annual,NRGC,Energy consumption,PT_CONS_NRG,Percentage of energy consumption,A,"Agriculture, forestry and fishing",1997,,1.5,,A,Normal value,,,0,Units,_Z,Not applicable,,,1,"1 year lag, timely",2,Two
DATAFLOW,OECD.ENV.EPI:DSD_GG@DF_GREEN_GROWTH(1.1),Green Growth,I,IDN,Indonesia,A,Annual,NRGC,Energy consumption,PT_CONS_NRG,Percentage of energy consumption,A,"Agriculture, forestry and fishing",2020,,0.63,,A,Normal value,,,0,Units,_Z,Not applicable,,,1,"1 year lag, timely",2,Two
DATAFLOW,OECD.ENV.EPI:DSD_GG@DF_GREEN_GROWTH(1.1),Green Growth,I,IDN,Indonesia,A,Annual,NRGC,Energy consumption,PT_CONS_NRG,Percentage of energy consumption,A,"Agriculture, forestry and fishing",2019,,0.63,,A,Normal value,,,0,Units,_Z,Not applicable,,,1,"1 year lag, timely",2,Two
DATAFLOW,OECD.ENV.EPI:DSD_GG@DF_GREEN_GROWTH(1.1),Green Growth,I,IDN,Indonesia,A,Annual,NRGC,Energy consumption,PT_CONS_NRG,Percentage of energy consumption,A,"Agriculture, forestry and fishing",2018,,0.95,,A,Normal value,,,0,Units,_Z,Not applicable,,,1,"1 year lag, timely",2,Two
DATAFLOW,OECD.ENV.EPI:DSD_GG@DF_GREEN_GROWTH(1.1),Green Growth,I,IDN,Indonesia,A,Annual,NRGC,Energy consumption,PT_CONS_NRG,Percentage of energy consumption,A,"Agriculture, forestry and fishing",2017,,1.31,,A,Normal value,,,0,Units,_Z,Not applicable,,,1,"1 year lag, timely",2,Two
DATAFLOW,OECD.ENV.EPI:DSD_GG@DF_GREEN_GROWTH(1.1),Green Growth,I,IDN,Indonesia,A,Annual,NRGC,Energy consumption,PT_CONS_NRG,Percentage of energy consumption,A,"Agriculture, forestry and fishing",2016,,1.48,,A,Normal value,,,0,Units,_Z,Not applicable,,,1,"1 year lag, timely",2,Two
DATAFLOW,OECD.ENV.EPI:DSD_GG@DF_GREEN_GROWTH(1.1),Green Growth,I,IDN,Indonesia,A,Annual,NRGC,Energy consumption,PT_CONS_NRG,Percentage of energy consumption,A,"Agriculture, forestry and fishing",2015,,1.5,,A,Normal value,,,0,Units,_Z,Not applicable,,,1,"1 year lag, timely",2,Two
DATAFLOW,OECD.ENV.EPI:DSD_GG@DF_GREEN_GROWTH(1.1),Green Growth,I,IDN,Indonesia,A,Annual,NRGC,Energy consumption,PT_CONS_NRG,Percentage of energy consumption,A,"Agriculture, forestry and fishing",2014,,2.02,,A,Normal value,,,0,Units,_Z,Not applicable,,,1,"1 year lag, timely",2,Two
DATAFLOW,OECD.ENV.EPI:DSD_GG@DF_GREEN_GROWTH(1.1),Green Growth,I,IDN,Indonesia,A,Annual,NRGC,Energy consumption,PT_CONS_NRG,Percentage of energy consumption,HTN,Services,1996,,1.93,,A,Normal value,,,0,Units,_Z,Not applicable,,,1,"1 year lag, timely",2,Two
DATAFLOW,OECD.ENV.EPI:DSD_GG@DF_GREEN_GROWTH(1.1),Green Growth,I,IDN,Indonesia,A,Annual,NRGC,Energy consumption,PT_CONS_NRG,Percentage of energy consumption,HTN,Services,1995,,1.73,,A,Normal value,,,0,Units,_Z,Not applicable,,,1,"1 year lag, timely",2,Two
DATAFLOW,OECD.ENV.EPI:DSD_GG@DF_GREEN_GROWTH(1.1),Green Growth,I,IDN,Indonesia,A,Annual,NRGC,Energy consumption,PT_CONS_NRG,Percentage of energy consumption,HTN,Services,2013,,3.62,,A,Normal value,,,0,Units,_Z,Not applicable,,,1,"1 year lag, timely",2,Two
DATAFLOW,OECD.ENV.EPI:DSD_GG@DF_GREEN_GROWTH(1.1),Green Growth,I,IDN,Indonesia,A,Annual,NRGC,Energy consumption,PT_CONS_NRG,Percentage of energy consumption,HTN,Services,2012,,3.2,,A,Normal value,,,0,Units,_Z,Not applicable,,,1,"1 year lag, timely",2,Two
DATAFLOW,OECD.ENV.EPI:DSD_GG@DF_GREEN_GROWTH(1.1),Green Growth,I,IDN,Indonesia,A,Annual,NRGC,Energy consumption,PT_CONS_NRG,Percentage of energy consumption,HTN,Services,2011,,2.93,,A,Normal value,,,0,Units,_Z,Not applicable,,,1,"1 year lag, timely",2,Two
DATAFLOW,OECD.ENV.EPI:DSD_GG@DF_GREEN_GROWTH(1.1),Green Growth,I,IDN,Indonesia,A,Annual,NRGC,Energy consumption,PT_CONS_NRG,Percentage of energy consumption,HTN,Services,2010,,2.87,,A,Normal value,,,0,Units,_Z,Not applicable,,,1,"1 year lag, timely",2,Two
DATAFLOW,OECD.ENV.EPI:DSD_GG@DF_GREEN_GROWTH(1.1),Green Growth,I,IDN,Indonesia,A,Annual,NRGC,Energy consumption,PT_CONS_NRG,Percentage of energy consumption,HTN,Services,2009,,2.99,,A,Normal value,,,0,Units,_Z,Not applicable,,,1,"1 year lag, timely",2,Two
DATAFLOW,OECD.ENV.EPI:DSD_GG@DF_GREEN_GROWTH(1.1),Green Growth,I,IDN,Indonesia,A,Annual,NRGC,Energy consumption,PT_CONS_NRG,Percentage of energy consumption,HTN,Services,2008,,2.91,,A,Normal value,,,0,Units,_Z,Not applicable,,,1,"1 year lag, timely",2,Two
DATAFLOW,OECD.ENV.EPI:DSD_GG@DF_GREEN_GROWTH(1.1),Green Growth,I,IDN,Indonesia,A,Annual,NRGC,Energy consumption,PT_CONS_NRG,Percentage of energy consumption,HTN,Services,2007,,2.75,,A,Normal value,,,0,Units,_Z,Not applicable,,,1,"1 year lag, timely",2,Two
DATAFLOW,OECD.ENV.EPI:DSD_GG@DF_GREEN_GROWTH(1.1),Green Growth,I,IDN,Indonesia,A,Annual,NRGC,Energy consumption,PT_CONS_NRG,Percentage of energy consumption,HTN,Services,2006,,2.67,,A,Normal value,,,0,Units,_Z,Not applicable,,,1,"1 year lag, timely",2,Two
DATAFLOW,OECD.ENV.EPI:DSD_GG@DF_GREEN_GROWTH(1.1),Green Growth,I,IDN,Indonesia,A,Annual,NRGC,Energy consumption,PT_CONS_NRG,Percentage of energy consumption,HTN,Services,2005,,2.77,,A,Normal value,,,0,Units,_Z,Not applicable,,,1,"1 year lag, timely",2,Two
DATAFLOW,OECD.ENV.EPI:DSD_GG@DF_GREEN_GROWTH(1.1),Green Growth,I,IDN,Indonesia,A,Annual,NRGC,Energy consumption,PT_CONS_NRG,Percentage of energy consumption,HTN,Services,2004,,2.69,,A,Normal value,,,0,Units,_Z,Not applicable,,,1,"1 year lag, timely",2,Two
DATAFLOW,OECD.ENV.EPI:DSD_GG@DF_GREEN_GROWTH(1.1),Green Growth,I,IDN,Indonesia,A,Annual,NRGC,Energy consumption,PT_CONS_NRG,Percentage of energy consumption,HTN,Services,2003,,2.47,,A,Normal value,,,0,Units,_Z,Not applicable,,,1,"1 year lag, timely",2,Two
DATAFLOW,OECD.ENV.EPI:DSD_GG@DF_GREEN_GROWTH(1.1),Green Growth,I,IDN,Indonesia,A,Annual,NRGC,Energy consumption,PT_CONS_NRG,Percentage of energy consumption,HTN,Services,2002,,2.47,,A,Normal value,,,0,Units,_Z,Not applicable,,,1,"1 year lag, timely",2,Two
DATAFLOW,OECD.ENV.EPI:DSD_GG@DF_GREEN_GROWTH(1.1),Green Growth,I,IDN,Indonesia,A,Annual,NRGC,Energy consumption,PT_CONS_NRG,Percentage of energy consumption,HTN,Services,2001,,2.43,,A,Normal value,,,0,Units,_Z,Not applicable,,,1,"1 year lag, timely",2,Two
DATAFLOW,OECD.ENV.EPI:DSD_GG@DF_GREEN_GROWTH(1.1),Green Growth,I,IDN,Indonesia,A,Annual,NRGC,Energy consumption,PT_CONS_NRG,Percentage of energy consumption,HTN,Services,2000,,2.4,,A,Normal value,,,0,Units,_Z,Not applicable,,,1,"1 year lag, timely",2,Two
DATAFLOW,OECD.ENV.EPI:DSD_GG@DF_GREEN_GROWTH(1.1),Green Growth,I,IDN,Indonesia,A,Annual,NRGC,Energy consumption,PT_CONS_NRG,Percentage of energy consumption,HTN,Services,1999,,2.11,,A,Normal value,,,0,Units,_Z,Not applicable,,,1,"1 year lag, timely",2,Two
DATAFLOW,OECD.ENV.EPI:DSD_GG@DF_GREEN_GROWTH(1.1),Green Growth,I,IDN,Indonesia,A,Annual,NRGC,Energy consumption,PT_CONS_NRG,Percentage of energy consumption,HTN,Services,1998,,2.12,,A,Normal value,,,0,Units,_Z,Not applicable,,,1,"1 year lag, timely",2,Two
DATAFLOW,OECD.ENV.EPI:DSD_GG@DF_GREEN_GROWTH(1.1),Green Growth,I,IDN,Indonesia,A,Annual,NRGC,Energy consumption,PT_CONS_NRG,Percentage of energy consumption,HTN,Services,1997,,1.97,,A,Normal value,,,0,Units,_Z,Not applicable,,,1,"1 year lag, timely",2,Two
DATAFLOW,OECD.ENV.EPI:DSD_GG@DF_GREEN_GROWTH(1.1),Green Growth,I,IDN,Indonesia,A,Annual,NRGC,Energy consumption,PT_CONS_NRG,Percentage of energy consumption,HTN,Services,2020,,3.98,,A,Normal value,,,0,Units,_Z,Not applicable,,,1,"1 year lag, timely",2,Two
DATAFLOW,OECD.ENV.EPI:DSD_GG@DF_GREEN_GROWTH(1.1),Green Growth,I,IDN,Indonesia,A,Annual,NRGC,Energy consumption,PT_CONS_NRG,Percentage of energy consumption,HTN,Services,2019,,4,,A,Normal value,,,0,Units,_Z,Not applicable,,,1,"1 year lag, timely",2,Two
DATAFLOW,OECD.ENV.EPI:DSD_GG@DF_GREEN_GROWTH(1.1),Green Growth,I,IDN,Indonesia,A,Annual,NRGC,Energy consumption,PT_CONS_NRG,Percentage of energy consumption,HTN,Services,2018,,4.04,,A,Normal value,,,0,Units,_Z,Not applicable,,,1,"1 year lag, timely",2,Two
DATAFLOW,OECD.ENV.EPI:DSD_GG@DF_GREEN_GROWTH(1.1),Green Growth,I,IDN,Indonesia,A,Annual,NRGC,Energy consumption,PT_CONS_NRG,Percentage of energy consumption,HTN,Services,2017,,4.06,,A,Normal value,,,0,Units,_Z,Not applicable,,,1,"1 year lag, timely",2,Two
DATAFLOW,OECD.ENV.EPI:DSD_GG@DF_GREEN_GROWTH(1.1),Green Growth,I,IDN,Indonesia,A,Annual,NRGC,Energy consumption,PT_CONS_NRG,Percentage of energy consumption,HTN,Services,2016,,4.07,,A,Normal value,,,0,Units,_Z,Not applicable,,,1,"1 year lag, timely",2,Two
DATAFLOW,OECD.ENV.EPI:DSD_GG@DF_GREEN_GROWTH(1.1),Green Growth,I,IDN,Indonesia,A,Annual,NRGC,Energy consumption,PT_CONS_NRG,Percentage of energy consumption,HTN,Services,2015,,3.7,,A,Normal value,,,0,Units,_Z,Not applicable,,,1,"1 year lag, timely",2,Two
DATAFLOW,OECD.ENV.EPI:DSD_GG@DF_GREEN_GROWTH(1.1),Green Growth,I,IDN,Indonesia,A,Annual,NRGC,Energy consumption,PT_CONS_NRG,Percentage of energy consumption,HTN,Services,2014,,3.67,,A,Normal value,,,0,Units,_Z,Not applicable,,,1,"1 year lag, timely",2,Two
DATAFLOW,OECD.ENV.EPI:DSD_GG@DF_GREEN_GROWTH(1.1),Green Growth,I,IDN,Indonesia,A,Annual,GHG_PBPROD,"Production-based GHG productivity, GDP per unit of energy-related GHG emissions",USD_KG_CO2E,US dollars per kilogramme of CO2-equivalent,_T,Total - all activities,2005,,2.55,,A,Normal value,,,0,Units,Q,Constant prices,2015,,3,3 years lag,2,Two
DATAFLOW,OECD.ENV.EPI:DSD_GG@DF_GREEN_GROWTH(1.1),Green Growth,I,IDN,Indonesia,A,Annual,GHG_PBPROD,"Production-based GHG productivity, GDP per unit of energy-related GHG emissions",USD_KG_CO2E,US dollars per kilogramme of CO2-equivalent,_T,Total - all activities,2004,,2.43,,A,Normal value,,,0,Units,Q,Constant prices,2015,,3,3 years lag,2,Two
DATAFLOW,OECD.ENV.EPI:DSD_GG@DF_GREEN_GROWTH(1.1),Green Growth,I,IDN,Indonesia,A,Annual,GHG_PBPROD,"Production-based GHG productivity, GDP per unit of energy-related GHG emissions",USD_KG_CO2E,US dollars per kilogramme of CO2-equivalent,_T,Total - all activities,1996,,2.82,,A,Normal value,,,0,Units,Q,Constant prices,2015,,3,3 years lag,2,Two
DATAFLOW,OECD.ENV.EPI:DSD_GG@DF_GREEN_GROWTH(1.1),Green Growth,I,IDN,Indonesia,A,Annual,GHG_PBPROD,"Production-based GHG productivity, GDP per unit of energy-related GHG emissions",USD_KG_CO2E,US dollars per kilogramme of CO2-equivalent,_T,Total - all activities,1995,,2.75,,A,Normal value,,,0,Units,Q,Constant prices,2015,,3,3 years lag,2,Two
DATAFLOW,OECD.ENV.EPI:DSD_GG@DF_GREEN_GROWTH(1.1),Green Growth,I,IDN,Indonesia,A,Annual,GHG_PBPROD,"Production-based GHG productivity, GDP per unit of energy-related GHG emissions",USD_KG_CO2E,US dollars per kilogramme of CO2-equivalent,_T,Total - all activities,2020,,3.35,,A,Normal value,,,0,Units,Q,Constant prices,2015,,3,3 years lag,2,Two
DATAFLOW,OECD.ENV.EPI:DSD_GG@DF_GREEN_GROWTH(1.1),Green Growth,I,IDN,Indonesia,A,Annual,GHG_PBPROD,"Production-based GHG productivity, GDP per unit of energy-related GHG emissions",USD_KG_CO2E,US dollars per kilogramme of CO2-equivalent,_T,Total - all activities,2019,,3.33,,A,Normal value,,,0,Units,Q,Constant prices,2015,,3,3 years lag,2,Two
DATAFLOW,OECD.ENV.EPI:DSD_GG@DF_GREEN_GROWTH(1.1),Green Growth,I,IDN,Indonesia,A,Annual,GHG_PBPROD,"Production-based GHG productivity, GDP per unit of energy-related GHG emissions",USD_KG_CO2E,US dollars per kilogramme of CO2-equivalent,_T,Total - all activities,2018,,3.31,,A,Normal value,,,0,Units,Q,Constant prices,2015,,3,3 years lag,2,Two
DATAFLOW,OECD.ENV.EPI:DSD_GG@DF_GREEN_GROWTH(1.1),Green Growth,I,IDN,Indonesia,A,Annual,GHG_PBPROD,"Production-based GHG productivity, GDP per unit of energy-related GHG emissions",USD_KG_CO2E,US dollars per kilogramme of CO2-equivalent,_T,Total - all activities,2017,,3.41,,A,Normal value,,,0,Units,Q,Constant prices,2015,,3,3 years lag,2,Two
DATAFLOW,OECD.ENV.EPI:DSD_GG@DF_GREEN_GROWTH(1.1),Green Growth,I,IDN,Indonesia,A,Annual,GHG_PBPROD,"Production-based GHG productivity, GDP per unit of energy-related GHG emissions",USD_KG_CO2E,US dollars per kilogramme of CO2-equivalent,_T,Total - all activities,2016,,3.34,,A,Normal value,,,0,Units,Q,Constant prices,2015,,3,3 years lag,2,Two
DATAFLOW,OECD.ENV.EPI:DSD_GG@DF_GREEN_GROWTH(1.1),Green Growth,I,IDN,Indonesia,A,Annual,GHG_PBPROD,"Production-based GHG productivity, GDP per unit of energy-related GHG emissions",USD_KG_CO2E,US dollars per kilogramme of CO2-equivalent,_T,Total - all activities,2015,,3.1,,A,Normal value,,,0,Units,Q,Constant prices,2015,,3,3 years lag,2,Two
DATAFLOW,OECD.ENV.EPI:DSD_GG@DF_GREEN_GROWTH(1.1),Green Growth,I,IDN,Indonesia,A,Annual,GHG_PBPROD,"Production-based GHG productivity, GDP per unit of energy-related GHG emissions",USD_KG_CO2E,US dollars per kilogramme of CO2-equivalent,_T,Total - all activities,2014,,3.03,,A,Normal value,,,0,Units,Q,Constant prices,2015,,3,3 years lag,2,Two
DATAFLOW,OECD.ENV.EPI:DSD_GG@DF_GREEN_GROWTH(1.1),Green Growth,I,IDN,Indonesia,A,Annual,GHG_PBPROD,"Production-based GHG productivity, GDP per unit of energy-related GHG emissions",USD_KG_CO2E,US dollars per kilogramme of CO2-equivalent,_T,Total - all activities,2013,,3.02,,A,Normal value,,,0,Units,Q,Constant prices,2015,,3,3 years lag,2,Two
DATAFLOW,OECD.ENV.EPI:DSD_GG@DF_GREEN_GROWTH(1.1),Green Growth,I,IDN,Indonesia,A,Annual,GHG_PBPROD,"Production-based GHG productivity, GDP per unit of energy-related GHG emissions",USD_KG_CO2E,US dollars per kilogramme of CO2-equivalent,_T,Total - all activities,2012,,2.82,,A,Normal value,,,0,Units,Q,Constant prices,2015,,3,3 years lag,2,Two
DATAFLOW,OECD.ENV.EPI:DSD_GG@DF_GREEN_GROWTH(1.1),Green Growth,I,IDN,Indonesia,A,Annual,GHG_PBPROD,"Production-based GHG productivity, GDP per unit of energy-related GHG emissions",USD_KG_CO2E,US dollars per kilogramme of CO2-equivalent,_T,Total - all activities,2011,,2.74,,A,Normal value,,,0,Units,Q,Constant prices,2015,,3,3 years lag,2,Two
DATAFLOW,OECD.ENV.EPI:DSD_GG@DF_GREEN_GROWTH(1.1),Green Growth,I,IDN,Indonesia,A,Annual,GHG_PBPROD,"Production-based GHG productivity, GDP per unit of energy-related GHG emissions",USD_KG_CO2E,US dollars per kilogramme of CO2-equivalent,_T,Total - all activities,2010,,2.81,,A,Normal value,,,0,Units,Q,Constant prices,2015,,3,3 years lag,2,Two
DATAFLOW,OECD.ENV.EPI:DSD_GG@DF_GREEN_GROWTH(1.1),Green Growth,I,IDN,Indonesia,A,Annual,GHG_PBPROD,"Production-based GHG productivity, GDP per unit of energy-related GHG emissions",USD_KG_CO2E,US dollars per kilogramme of CO2-equivalent,_T,Total - all activities,2009,,2.78,,A,Normal value,,,0,Units,Q,Constant prices,2015,,3,3 years lag,2,Two
DATAFLOW,OECD.ENV.EPI:DSD_GG@DF_GREEN_GROWTH(1.1),Green Growth,I,IDN,Indonesia,A,Annual,GHG_PBPROD,"Production-based GHG productivity, GDP per unit of energy-related GHG emissions",USD_KG_CO2E,US dollars per kilogramme of CO2-equivalent,_T,Total - all activities,2008,,2.69,,A,Normal value,,,0,Units,Q,Constant prices,2015,,3,3 years lag,2,Two
DATAFLOW,OECD.ENV.EPI:DSD_GG@DF_GREEN_GROWTH(1.1),Green Growth,I,IDN,Indonesia,A,Annual,GHG_PBPROD,"Production-based GHG productivity, GDP per unit of energy-related GHG emissions",USD_KG_CO2E,US dollars per kilogramme of CO2-equivalent,_T,Total - all activities,2007,,2.57,,A,Normal value,,,0,Units,Q,Constant prices,2015,,3,3 years lag,2,Two
DATAFLOW,OECD.ENV.EPI:DSD_GG@DF_GREEN_GROWTH(1.1),Green Growth,I,IDN,Indonesia,A,Annual,GHG_PBPROD,"Production-based GHG productivity, GDP per unit of energy-related GHG emissions",USD_KG_CO2E,US dollars per kilogramme of CO2-equivalent,_T,Total - all activities,2006,,2.52,,A,Normal value,,,0,Units,Q,Constant prices,2015,,3,3 years lag,2,Two
DATAFLOW,OECD.ENV.EPI:DSD_GG@DF_GREEN_GROWTH(1.1),Green Growth,I,IDN,Indonesia,A,Annual,GHG_PBPROD,"Production-based GHG productivity, GDP per unit of energy-related GHG emissions",USD_KG_CO2E,US dollars per kilogramme of CO2-equivalent,_T,Total - all activities,2003,,2.38,,A,Normal value,,,0,Units,Q,Constant prices,2015,,3,3 years lag,2,Two
DATAFLOW,OECD.ENV.EPI:DSD_GG@DF_GREEN_GROWTH(1.1),Green Growth,I,IDN,Indonesia,A,Annual,GHG_PBPROD,"Production-based GHG productivity, GDP per unit of energy-related GHG emissions",USD_KG_CO2E,US dollars per kilogramme of CO2-equivalent,_T,Total - all activities,2002,,2.45,,A,Normal value,,,0,Units,Q,Constant prices,2015,,3,3 years lag,2,Two
DATAFLOW,OECD.ENV.EPI:DSD_GG@DF_GREEN_GROWTH(1.1),Green Growth,I,IDN,Indonesia,A,Annual,GHG_PBPROD,"Production-based GHG productivity, GDP per unit of energy-related GHG emissions",USD_KG_CO2E,US dollars per kilogramme of CO2-equivalent,_T,Total - all activities,2001,,2.41,,A,Normal value,,,0,Units,Q,Constant prices,2015,,3,3 years lag,2,Two
DATAFLOW,OECD.ENV.EPI:DSD_GG@DF_GREEN_GROWTH(1.1),Green Growth,I,IDN,Indonesia,A,Annual,GHG_PBPROD,"Production-based GHG productivity, GDP per unit of energy-related GHG emissions",USD_KG_CO2E,US dollars per kilogramme of CO2-equivalent,_T,Total - all activities,2000,,2.45,,A,Normal value,,,0,Units,Q,Constant prices,2015,,3,3 years lag,2,Two
DATAFLOW,OECD.ENV.EPI:DSD_GG@DF_GREEN_GROWTH(1.1),Green Growth,I,IDN,Indonesia,A,Annual,GHG_PBPROD,"Production-based GHG productivity, GDP per unit of energy-related GHG emissions",USD_KG_CO2E,US dollars per kilogramme of CO2-equivalent,_T,Total - all activities,1999,,2.38,,A,Normal value,,,0,Units,Q,Constant prices,2015,,3,3 years lag,2,Two
DATAFLOW,OECD.ENV.EPI:DSD_GG@DF_GREEN_GROWTH(1.1),Green Growth,I,IDN,Indonesia,A,Annual,GHG_PBPROD,"Production-based GHG productivity, GDP per unit of energy-related GHG emissions",USD_KG_CO2E,US dollars per kilogramme of CO2-equivalent,_T,Total - all activities,1998,,2.56,,A,Normal value,,,0,Units,Q,Constant prices,2015,,3,3 years lag,2,Two
DATAFLOW,OECD.ENV.EPI:DSD_GG@DF_GREEN_GROWTH(1.1),Green Growth,I,IDN,Indonesia,A,Annual,GHG_PBPROD,"Production-based GHG productivity, GDP per unit of energy-related GHG emissions",USD_KG_CO2E,US dollars per kilogramme of CO2-equivalent,_T,Total - all activities,1997,,2.83,,A,Normal value,,,0,Units,Q,Constant prices,2015,,3,3 years lag,2,Two
